Marca,Vehiculos,CO2_medio_wltp,Masa_media_kg,Potencia_media_kw
,292,179.3403141361256,2044.239726027397,238.2568493150685
108,329,96.37689969604864,1287.808510638298,105.5410334346505
1089,294,106.2755102040816,1600.748299319728,121.9047619047619
122,228,99.92105263157895,1841.302631578947,164.6491228070175
124,1594,101.9247176913425,1379.704516938519,105.3939774153074
15,736,93.67798913043478,1825.869565217391,162.8233695652174
166,1581,85.36053130929791,1463.867172675522,87.69512966476913
1683,86,102.3953488372093,1446.162790697674,136.1860465116279
17,15,267.5333333333334,2489.933333333333,388.8666666666667
170,10,118.1,1008.0,64.4
180,227,131.2775330396476,2203.766519823789,270.3744493392071
211,601,96.47254575707154,1688.402662229617,132.4675540765391
267,250,64.664,1559.88,102.252
27,6,112.3333333333333,1281.833333333333,83.33333333333333
350,5,57.2,2949.0,428.0
447,107,98.11214953271028,1370.065420560748,94.82242990654206
45,17,69.0,1182.0,75.82352941176471
46,395,127.6632911392405,1638.243037974684,116.4962025316456
500 MAXI,1,,715.0,126.0
76,174,1.327586206896552,1723.787356321839,127.8333333333333
79,1,126.0,1119.0,190.0
894,105,114.2,1783.095238095238,135.5904761904762
93,4,100.0,1370.75,97.0
948,199,74.61809045226131,1658.21608040201,112.9547738693467
95,11,105.0909090909091,1575.454545454546,108.3636363636364
ABARTH,2404,0.4018302828618968,1422.236272878536,112.5565723793677
ACURA,2,,1970.0,265.0
AIWAYS,428,0.0,1844.953271028037,149.0070093457944
AKINSI,5,0.0,1055.0,35.0
ALFA ROMEO,42201,135.6089099526066,1664.848368522073,131.8272330741513
ALLIED VEHICLES LTD,210,161.9952380952381,1746.4,90.81904761904762
ALLIED VEHICLES LTD.,33,147.3939393939394,1681.606060606061,86.57575757575758
ALPINA,913,234.2331491712707,2135.078860898138,354.5169769989047
ALPINE,3820,148.4287958115183,1193.744502617801,213.198167539267
APOLLO,1,,1500.0,515.0
ARCFOX,2,0.0,2172.5,160.0
ARIEL MOTOR COMPANY,10,169.0,763.0,264.0
ASTON MARTIN,1297,299.8660436137072,2030.373939861218,497.834232845027
AUDI,518296,121.9661777006723,1755.128577354595,153.4235038693865
AUDI AG,1440,43.93822393822394,2156.440277777778,234.5555555555555
AUDI CHINA FAW,5,0.0,1951.0,150.0
AUDI SPORT,89,71.3030303030303,2285.629213483146,314.2584269662921
AUTOMOBIL LAMBORGHINI S.P,1,320.0,2272.0,490.0
AUTOMOBIL LAMBORGHINI SPA,1,320.0,2272.0,490.0
AUTOMOBILI LAMBORGHINI,4,273.6666666666667,1943.5,543.5
AUTOMOBILI LAMBORGHINI S.P.A.,2326,313.9342218400688,1976.573516766982,495.7515047291487
AVATR,1,0.0,2425.0,
AVELING-BARFORD,8,128.25,1466.0,92.0
AVTOVAZ,6,246.75,1366.666666666667,60.66666666666666
B,13,0.0,1648.384615384616,100.0
BAIC,1281,182.8329764453962,1617.620500782473,124.088212334114
BAIC BEIJING,45,178.9090909090909,2040.688888888889,136.3333333333333
BENIMAR,1,314.0,3049.0,125.0
BENTLEY,1352,235.8349370836417,2464.173816568047,413.3594674556213
BERGADANA,18,124.0,1701.0,15.0
BITTER,1,,1898.0,290.0
BMW,623790,101.0865969201379,1908.813313176913,169.9440052986861
BMW BRILLIANCE,17,0.0,1959.235294117647,182.4117647058824
BMW I,4,0.0,1338.75,75.0
BMW M,5,,2558.0,378.0
BOLDMEN,1,,1580.0,300.0
BRABUS,53,335.7547169811321,2566.132075471698,654.9433962264151
BRAVIA,5,236.8,2868.6,121.0
BUGATTI,2,487.0,2070.0,1177.0
BUS-PRESTIGE,1,322.0,2935.0,140.0
BYD,42275,4.037896731406916,1996.847451212301,157.7894736842105
CADILLAC,609,62.78837209302326,2566.04105090312,319.1986863711002
CAMARO,1,,1746.0,339.0
CAPRON,2,234.0,2849.0,103.0
CARPOL,1,185.0,2920.0,125.0
CASELANI,1,0.0,2167.0,100.0
CATERHAM,158,146.3205128205128,697.7848101265823,124.0
CATERHAM CARS LTD,14,144.5,701.4285714285714,126.1428571428571
CATERHAM CARS LTD.,9,130.6666666666667,656.1111111111111,99.11111111111111
CHERY,64,136.7118644067797,1668.90625,138.875
CHERY AUTOMOBILE,1,0.0,1775.0,37.0
CHERY EBRO,1,167.0,1678.0,108.0
CHERY JAECOO,9,124.2222222222222,1805.111111111111,115.7777777777778
CHERY OMODA,4,170.0,1498.0,137.0
CHEVROLET,883,292.8981818181818,1983.918181818182,346.8954545454545
CHONGQING CHANGAN AUTOMOB,3,0.0,2425.0,110.0
CHRYSLER,53,73.96,2327.622641509434,201.6603773584906
CIRELLI,194,170.8556701030928,1641.881443298969,125.3814432989691
CITROEN,326471,117.0345485621868,1307.555568488472,82.40857240876538
CITROEN ADRIA,10,293.4,2999.5,104.8
CITROEN DS,4315,122.5093858632677,1113.302665121669,69.58725376593279
CITROEN GIOTTILINE,1,230.0,2925.0,103.0
CITROEN/ SUN LIVING,10,301.8,2987.7,103.0
CITROEN/CAPRON,24,289.7916666666667,2925.25,105.25
CITROEN/CARPOL,127,192.8188976377953,1983.283464566929,130.0
CITROEN/CLEVER,4,224.75,2867.5,121.0
CITROEN/DETHLEFFS,5,257.6,2984.4,117.4
CITROEN/ELNAGH,3,229.3333333333333,2971.0,103.0
CITROEN/HOBBY,15,272.4666666666666,2997.866666666667,105.4
CITROEN/LMC,3,297.3333333333333,2948.333333333334,103.0
CITROEN/MCLOUIS,3,224.0,2890.0,103.0
CITROEN/POESSL,12,219.5,2809.166666666667,102.75
COBRA 427 ROADSTER,1,,1235.0,182.0
COUPE GP,1,,1280.0,220.0
COYOTE,1,,1335.0,268.0
CSBS,1,,1000.0,150.0
CUPRA,186113,100.9247996469265,1629.182630982253,131.7670318917873
DACIA,545343,117.7923032206837,1271.055643879173,65.93384518338951
DALLARA,26,226.7692307692308,1010.0,292.9615384615385
DANGEL,3,210.0,1924.0,106.0
DAYUN,3,0.0,1205.0,30.0
DEEPAL,2,0.0,2148.0,160.0
DETHLEFFS,4,193.0,2189.5,99.75
DFSK,1269,170.1790220820189,1600.271867612293,92.20190779014308
DFSK MOTOR,460,161.4948453608247,1684.932608695652,108.7673913043478
DFSK SERES SOKON,138,175.984962406015,1537.355072463768,86.44202898550725
DFSK SERES SOKON FENG,20,44.55,1872.0,80.5
DFSK SERES SOKON FENGON,164,115.6645161290323,1768.719512195122,103.5243902439025
DIABLO 60 V12,1,,1735.0,295.0
DODGE,959,321.6467065868263,2181.222106360793,355.2565172054223
DONG FENG,12,12.0,1422.083333333333,71.33333333333333
DONGFENG,227,1.29646017699115,1464.140969162996,77.67400881057269
DONKERVOORT,13,194.3846153846154,907.3076923076923,332.6923076923077
DR,24763,153.0969995557889,1396.498081815612,95.99559827161491
DS,36521,99.36229463307777,1598.825415514362,109.3145587470223
E.GO,3,0.0,1239.0,38.33333333333334
EBRO,33,162.6774193548387,1612.242424242424,108.0
EGEN TILLVERKNING,3,,1120.0,163.3333333333333
ELARIS,17,0.0,957.3529411764706,37.70588235294117
EMC,1306,158.0643185298622,1392.233537519142,92.82695252679939
ERIKSSON,1,,715.0,104.0
ETRUSCO,1,304.0,2918.0,103.0
EVEASY,1,0.0,1675.0,118.0
EVO,1203,158.665004156276,1591.767248545303,115.3067331670823
EWG,1,,710.0,60.0
EXITECH,1,,950.0,132.0
FALLER,1,0.0,900.0,
FAW,676,0.3165680473372781,2662.424556213018,354.9822485207101
FAW VW,9,193.0,1353.777777777778,100.6666666666667
FCA (USA),1,335.0,2586.0,268.0
FERRARI,3851,244.2174025974026,1884.387172163075,512.065697221501
FIAT,251837,97.31051927269262,1161.576495908068,63.58039496450093
FIAT DUCATO AFFINITY,1,221.0,2100.0,103.0
FIAT/ ILUSION,1,220.0,3066.0,132.0
FIAT/ WEINSBERG,6,267.1666666666667,3012.666666666667,103.0
FIAT/ADRIA,34,265.8529411764706,3048.264705882353,112.3823529411765
FIAT/AUTOSTAR,18,290.6111111111111,3432.222222222222,122.3333333333333
FIAT/BENIMAR,36,268.0555555555555,3035.083333333334,117.1388888888889
FIAT/CAPRON,68,270.6764705882353,3015.25,104.0735294117647
FIAT/CARPOL,5,190.0,1978.8,130.0
FIAT/CARTHAGO,15,233.0,3120.133333333333,109.8
FIAT/CHAUSSON,8,251.75,2855.75,104.875
FIAT/DETHLEFFS,16,270.0,3072.875,119.3125
FIAT/ELNAGH,1,251.0,2978.0,103.0
FIAT/ETRUSCO,1,214.0,2729.0,103.0
FIAT/EURA MOBIL,2,256.5,3390.0,118.0
FIAT/FORSTER,1,225.0,2907.0,103.0
FIAT/FRANKIA,4,276.25,4377.5,132.0
FIAT/FURGOK,3,251.0,3047.0,122.3333333333333
FIAT/HOBBY,8,273.125,3091.375,108.5
FIAT/HYMER,12,229.5,2933.833333333334,105.5
FIAT/KARMANN-MOBIL,1,313.0,2786.0,103.0
FIAT/KNAUS,30,270.3,2984.066666666667,105.9
FIAT/LAIKA,6,270.8333333333333,3286.833333333334,120.1666666666667
FIAT/LMC,3,274.6666666666667,3089.666666666667,103.0
FIAT/MCLOUIS,19,237.7368421052632,3032.842105263158,116.421052631579
FIAT/MOBILVETTA,3,277.6666666666667,3182.333333333334,122.3333333333333
FIAT/NIESMANN+BISCHOFF,2,245.5,3224.0,132.0
FIAT/POESSL,8,230.875,2961.875,115.875
FIAT/RANDGER,1,262.0,3022.0,103.0
FIAT/ROLLER TEAM,7,229.4285714285714,2909.0,96.57142857142857
FIAT/SUNLIVING,6,275.1666666666667,3018.833333333334,107.8333333333333
FISKER,789,0.0,2522.898348157561,285.093112244898
FISKER GROUP,68,0.0,2523.088235294118,175.0
FORD,333100,117.4140727625792,1620.7718372861,113.2017188912821
FORD (D),35,143.4571428571429,1584.228571428572,118.2
FORD (USA),12,275.25,1950.083333333333,315.6666666666667
FORD BURSTNER,1,231.0,2989.0,114.0
FORD NXN,2,12.0,2678.0,86.0
FORD TRANSIT/AUTO GALERIA,1,227.0,2228.0,100.0
FORD TRANSIT/FRANK-CARS,23,230.0434782608696,2360.956521739131,100.8695652173913
FORD TRANSIT/ITS SYSTEM,9,228.6666666666667,2370.888888888889,103.7777777777778
FORD/ CHAUSSON,10,236.4,3076.3,125.0
FORD/ DETHLEFFS,3,242.0,2996.666666666667,112.6666666666667
FORD/ RANDGER,3,311.6666666666667,2862.0,125.0
FORD/ALLIED VEHICLES,2,138.0,1825.0,90.0
FORD/AUTO GALERIA,4,212.5,2310.25,117.75
FORD/AUTOSTAR,6,286.0,2917.833333333334,125.0
FORD/BENIMAR,112,302.6071428571428,2938.8125,124.6428571428571
FORD/CAPRON,15,237.2,3036.333333333334,110.6666666666667
FORD/ETRUSCO,2,302.5,2868.0,108.0
FORD/FC AUTO SYSTEM,49,200.8979591836735,2335.183673469388,113.5102040816327
FORD/FRANK-CARS,5,228.6,2359.0,107.2
FORD/GERMAZ,16,200.8125,2388.875,107.375
FORD/GIOTTILINE,1,309.0,3095.0,125.0
FORD/KARMANN-MOBIL,1,213.0,2717.0,125.0
FORD/LMC,1,233.0,2884.0,125.0
FORD/MCLOUIS,2,237.5,3097.0,119.5
FORD/RODRIGUEZ LOPEZ AUTO,11,0.0,3675.0,135.0
FORD/ROLLER TEAM,11,249.5454545454545,3072.363636363637,118.3636363636364
FORD/WEINSBERG,3,264.0,2850.0,125.0
FORD-CNG TECHNIK,362,112.9530386740332,1230.878453038674,55.0
FORTHING,1720,165.3492385786802,1708.789504373178,130.3418604651163
GAC,1,0.0,1677.0,35.0
GD LOLA,1,,1165.0,225.0
GEELY,1030,145.8721278721279,1522.461165048544,129.4368932038835
GENERAL MOTORS-GMC,3,,2705.0,224.0
GENESIS,1,193.0,2020.0,148.0
GERMANIA AUTOMOTIVE GMBH,1,122.0,1452.0,79.0
GMC,14,35.36363636363637,3584.214285714286,505.0
GORDON MURRAY AUTOMOTIVE,2,410.0,1182.0,490.0
GREAT WALL,263,9.904942965779467,1772.281368821293,132.8055555555555
GREAT WALL MOTOR CO. LTD.,2983,3.771371102916527,1871.620851491787,133.9168622192424
GREAT WALL MOTOR COMPANY,105,0.4,1634.666666666667,127.6857142857143
GREAT WALL MOTOR COMPANY LIMITED,170,0.9882352941176471,1683.941176470588,127.9764705882353
GT SPECIAL,1,,1225.0,132.0
GT40,1,,1235.0,165.0
HAWK,1,,1120.0,200.0
HENKES BIL,1,,1265.0,147.0
HOBBY,1,254.0,3100.0,103.0
HONDA,41210,110.0656115736583,1584.871802960447,100.2785246299442
HONGQI,4,218.5,1832.5,163.5
HOT ROD,2,,1240.0,176.5
HOTRODPV,1,,1305.0,177.0
HOZON,1,0.0,1815.0,
HURTAN,3,151.6666666666667,1113.666666666667,11.66666666666667
HYUNDAI,436867,111.3052701700409,1435.292627208072,100.2535720335297
HYUNDAI GENESIS,29,53.14814814814815,2236.862068965517,231.4827586206897
HYUNDAI MOTOR (ROK),2,0.0,2050.0,275.0
HYUNDAI MOTORSPORT,5,,1385.0,300.0
ILES AUTOMOTIVE,7,242.8571428571429,2498.571428571428,125.0
INEOS,878,311.1952054794521,2795.353075170843,189.8268792710706
ISUZU,1,241.0,2085.0,120.0
IVECO,4,274.0,2394.0,139.0
IVECO/CARPOL,3,262.0,2955.0,129.0
IVECO/MORELO,3,478.3333333333333,4550.0,152.0
JAC,167,0.0,1743.083832335329,138.1377245508982
JAECCOO,1,182.0,1724.0,108.0
JAECOO,2269,175.6950198325253,1654.88012340238,107.9973556632878
JAGUAR,5542,140.9779823136618,2035.654817755323,201.1959544879899
JANUS,1,,875.0,125.0
JEEP,119608,108.704499388579,1474.029254629823,91.82892501819947
JETOUR,3,,1870.0,173.0
JIAYUAN,6,0.0,1035.0,15.0
JOYEAR,21,164.0,1854.285714285714,130.0
JUNEYAO,1,0.0,1825.0,150.0
KG MOBILITY,2273,137.5468543774747,1628.730752309723,122.3326000879895
KGM,136,73.09558823529412,1799.823529411765,135.625
KIA,417494,106.4964584875335,1489.330344867232,105.4047100078085
KIA MOTOR,1,0.0,2100.0,160.0
KOENIGSEGG,6,405.1666666666667,1637.5,970.0
KTM,32,219.875,1163.28125,326.375
LADA,32,242.4516129032258,1242.03125,61.0
LAMBORGHINI,27,317.5,2422.518518518519,467.037037037037
LANCIA,32518,108.7492081065289,1115.914631896181,55.15637493080755
LAND ROVER,55831,118.0079707678805,2442.62900539127,217.7618348229478
LEAPMOTOR,1521,0.0,1411.948060486522,87.8690159574468
LEVC,1,19.0,2233.0,67.0
LEXSUS,1,140.0,2105.0,136.0
LEXUS,59060,103.8021743548059,1759.679444632577,120.0150016931934
LIMONT,1,,1325.0,132.0
LINCOLN,1,,2800.0,336.0
LIVAN,51,166.6470588235294,1220.0,76.0
L-NIVA,4,,1285.0,61.0
LOTUS,1722,54.20034843205575,2359.550901687027,406.0023350846468
LOTUS REPLIKA,1,,750.0,75.0
LUCID MOTORS,403,0.0,2356.203473945409,343.4069478908189
LUCID USA INC,50,0.0,2372.28,249.44
LUSEN,1,,1160.0,169.0
LYNK & CO,318,24.0,1954.0,132.0
LYNK AND CO,25,24.0,1954.0,132.0
LYNK&CO,5477,23.84892217756668,1953.603615117765,131.6894285192624
M ENGINERING,1,,1110.0,160.0
MACC,1,,1192.0,168.0
MAG,1,173.0,1675.0,125.0
MAHINDRA,221,158.2488687782806,1190.0,64.0
MAN,115,265.6936936936937,3037.721739130435,116.0608695652174
MAN/CARPOL,2,215.0,2635.0,116.5
MAN/KNAUS,6,342.8333333333333,3104.166666666667,130.0
MARCOS,1,,1020.0,142.0
MASERATI,3753,201.3415933919531,2033.242206235012,281.290967226219
MAXUS,783,3.632183908045977,2029.887611749681,134.4641025641026
MAXUS  LDV,4,0.0,2122.5,142.5
MAZDA,139994,123.6726028473666,1532.026801148621,112.4520273843383
MB 500K,1,,1650.0,161.0
MC LAREN,11,229.2727272727273,1540.090909090909,512.7272727272727
MCLAREN,340,208.5317220543807,1533.888235294118,499.8411764705882
MCLAREN AUTOMOTIVE LIMITE,1,276.0,1513.0,552.0
MERCEDES,21,209.65,2413.047619047619,231.7619047619048
MERCEDES - BENZ,7,5.0,2500.428571428572,135.0
MERCEDES AMG,3996,272.7064564564565,2017.14964964965,390.4186686686687
MERCEDES BENZ,18,154.6666666666667,2105.611111111111,146.1111111111111
MERCEDES-AMG,57,338.7291666666667,2352.368421052632,425.5087719298246
MERCEDES-BENZ,573491,107.6936482397999,2008.350295736237,158.389827784116
MERCEDES-BENZ AG,1,0.0,3235.0,160.0
MERCEDES-BENZ/ CARTHAGO,5,250.0,3290.2,125.0
MERCEDES-BENZ/ADRIA,2,353.5,3654.5,125.0
MERCEDES-BENZ/EURA MOBIL,3,250.6666666666667,3304.333333333334,125.0
MERCEDES-BENZ/FRANKIA,2,386.5,4610.0,140.0
MERCEDES-BENZ/HYMER,23,259.6521739130435,3443.086956521739,126.304347826087
MERCEDES-BENZ/KABE,9,90.71428571428571,3210.444444444444,125.0
MERCEDES-BENZ/MORELO,2,464.5,,282.5
MERCEDES-BENZ/MRC,3,130.3333333333333,1749.666666666667,88.66666666666667
MERCEDES-BENZ/WEINSBERG,30,113.375,3059.033333333333,123.5
MERCUS,3,179.3333333333333,2525.0,110.0
MG,159270,94.00790193305045,1516.305129654047,102.2454812365223
MG  ROEWE,3158,129.1095630145662,1390.054781507283,86.85053831538949
MG ROEWE,266,71.7593984962406,1585.436090225564,89.12406015037594
MIM,1,,1480.0,191.0
MINI,98153,96.5909211330752,1540.361231954194,130.4792428545161
MITSUBISHI,47752,115.3047894284937,1143.060793265204,64.9781998659742
MITSUBISHI MOTORS (THAILAND) C,882,115.4160997732426,951.3492063492064,52.0
MITSUBISHI MOTORS CORPORATION,9470,46.09049630411827,1973.797782470961,57.86061246040127
MOKE,59,0.0,831.0,27.71186440677966
MOKE INTERNATIONAL,1,0.0,831.0,11.0
MOLLERS 32B,1,,1345.0,162.0
MORGAN,148,159.3475177304965,1159.209459459459,215.5405405405406
MTM,1,228.0,1820.0,450.0
MTM F40,1,,1505.0,274.0
MUGHETTO,1,,1505.0,264.0
MUSLA,1,0.0,1710.0,202.0
MZON,1,,1245.0,155.0
NILSSON,2,149.0,2370.0,145.0
NIO,1646,0.0,2406.569866342649,341.4859926918392
NISSAN,203785,123.0854517971771,1556.397242191526,107.4971514095738
OLD ENGLISH,1,,1335.0,208.0
OLMEDO,3,224.3333333333333,2118.333333333334,103.0
OMODA,10853,161.8564452225191,1519.798304616235,121.032918395574
OMODA5,1,168.0,1530.0,108.0
OPEK,1,119.0,1175.0,74.0
OPEL,331191,114.0672601056233,1329.763308785565,84.67974081186516
OPEL / VAUXHALL,1730,125.4872832369942,1363.72774566474,87.07283236994219
OPEL/CARPOL,117,192.5299145299145,1980.615384615385,130.0
OSSIAN12,1,,1250.0,186.0
PAGANI S.P.A.,8,361.625,1477.0,627.75
PETER L,1,,1260.0,210.0
PEUGEOT,586733,105.1326398783755,1413.833384179857,90.68129455817211
PEUGEOT BENNETT,4,229.0,2330.0,103.0
PEUGEOT/ TOURNE MOBIL,19,235.2631578947369,2972.526315789474,121.0
PEUGEOT/BRAVIA,12,231.8333333333333,2985.75,110.4166666666667
PEUGEOT/CARPOL,124,192.9354838709677,1982.951612903226,130.0
PEUGEOT/ROLLERTEAM,1,228.0,2954.0,103.0
PILOTE IFA2,1,,3113.0,132.0
POLARIS,7,27.14285714285714,883.2857142857143,75.85714285714286
POLESTAR,21532,0.0006037525543377298,2218.556845625116,275.719255062233
PORCHE,1,34.0,2530.0,224.0
PORSCHE,81918,131.5960646590228,2139.665238409141,284.3185297683932
PORSDCHE,1,31.0,2400.0,364.0
RACESEMLAN,1,,1235.0,143.0
RAM,1,,2723.0,306.0
RAPPX,1,,1015.0,202.0
RCB,1,,677.0,177.0
RED BARON,1,,1350.0,201.0
RED ROD,1,,1120.0,142.0
REHATRANS,9,204.8333333333333,2093.666666666667,39.0
RELA LAMBO,1,,1425.0,250.0
RENAULT,657513,104.6757785646061,1436.805873039773,77.84240615774897
RENAULT/AHORN,17,229.6470588235294,2972.823529411765,106.8823529411765
RENAULT/CARPOL,419,183.0787589498807,2140.076372315036,111.5990453460621
RIMAC,5,0.0,2375.0,1352.0
RIMOR,1,245.0,2816.0,103.0
ROLLS ROYCE,58,120.0172413793104,2893.879310344827,347.1379310344827
ROLLS-ROYCE,473,248.8632075471698,2803.338266384778,425.9652173913044
RUF,17,316.3333333333333,1370.294117647059,473.5294117647059
SAABEL,1,0.0,1095.0,74.0
SARNDOLLAR,1,,1335.0,154.0
SCEPTRE,1,,915.0,151.0
SEAT,221356,126.0504660314362,1294.618826686424,89.4916333869423
SECMA,41,137.4390243902439,686.5365853658536,102.4878048780488
SERES,426,0.107981220657277,2282.652582159624,336.7666666666667
SERES DFSK SOKON,1,0.0,2435.0,70.0
SERES DFSK SOKON AITO,24,0.0,2435.0,430.0
SHINERAY,5,0.0,1525.0,60.0
SHINERAY SWM JINBEI SRM,24,157.7083333333333,1567.708333333333,88.0
SKALMAN,1,,865.0,109.0
SKODA,666352,115.9343043669492,1492.478787487694,108.5905718931433
SKODA AUTO AS,1,151.0,1603.0,147.0
SKYWELL,66,0.0,1985.30303030303,108.1538461538462
SKYWORTH,3,0.0,1993.333333333333,120.0
SMART,22292,0.02045576888569891,1698.025569711107,191.1334623694634
SMW,1,,1625.0,100.0
SOLBRECK,1,,1435.0,263.0
SPORTEQUIPE,857,155.0875145857643,1651.212368728121,118.0280046674446
SPRINT,1,,810.0,87.0
SSANG YONG,98,170.0204081632653,1492.724489795918,120.2040816326531
SSANGYONG,19136,172.3453699832776,1577.115280100335,120.9213524247492
SSANGYONG KG MOBILITY,26,48.84615384615385,1869.423076923077,143.3846153846154
SSANGYONG KG MOBITITY,1,162.0,1375.0,120.0
SSANGYONG. KG MOBILITY,34,203.5,2135.882352941177,148.2352941176471
SSANGYONGKG MOBILIT,1,0.0,1990.0,152.0
SSANG-YOUNG,1,207.0,1693.0,120.0
SSAYNGYONG,1,164.0,1642.0,100.0
STEEDA,3,271.6666666666667,1857.333333333333,332.6666666666667
SUBARU,20114,172.0438544152745,1736.999751416924,118.1554141394054
SUPER 70,1,,1810.0,348.0
SUZUKI,175810,116.5969602511888,1171.086223764291,75.70952033254184
SVEN,1,0.0,1725.0,120.0
SWM,523,191.7732558139535,1606.214149139579,94.03824091778203
SWM MOTORCYCLES S.R.L,2,181.0,1550.0,90.5
T0YOTA,1,132.0,1735.0,131.0
TESLA,265365,0.0,1966.295511071585,270.3513218944403
TEZON,1,0.0,2370.0,311.0
TOGG,3,0.0,2243.333333333334,84.0
TOYOTA,818376,106.3016568009737,1393.721025202383,83.15908354971742
TOYOTA AVESTARK,1,151.0,1683.0,81.0
TOYOTA/CARPOL,278,168.8705035971223,2017.36690647482,112.2985611510791
TOYOTA/STEELER,80,143.7875,1804.125,93.675
TRIPOD,1,139.0,1741.0,90.0
TS COBRA,1,,1170.0,136.0
TUERKIYE'NIN OTOMOBIL G.,9,0.0,2269.333333333334,100.0
TYR GT40,1,,1665.0,313.0
ULWEN,1,,720.0,88.0
V4 JOCKE XXS,1,,850.0,48.0
VINFAST,300,0.0,2531.14,198.9333333333333
VOLK,1,117.0,1304.0,81.0
VOLKBIL,1,,1110.0,177.0
VOLKSVAGEN,18,121.6111111111111,1381.666666666667,100.2777777777778
VOLKSWAGE. VW,1,116.0,1423.0,110.0
VOLKSWAGEB,1,161.0,1615.0,140.0
VOLKSWAGEN,535573,113.2427846086596,1521.824906501659,107.186327613921
VOLKSWAGEN  VW,8198,134.8031227128568,1573.67760429373,116.7304220541596
VOLKSWAGEN AMZ KUTNO,4,182.75,2207.5,110.0
VOLKSWAGEN BENNETT,1,257.0,2777.0,130.0
VOLKSWAGEN MOTORSPORT,1,,1305.0,200.0
VOLKSWAGEN VW,612768,121.4681690895605,1586.960822040315,112.7650585692645
VOLKSWAGEN. VW,3399,121.4630773756987,1612.304501323919,115.230950279494
VOLKSWAGEN/CARPOL,21,183.9047619047619,2359.666666666667,116.3333333333333
VOLKSWAGEN/ERIBA,2,277.0,2979.0,130.0
VOLKSWAGEN/FURGOK,1,303.0,3175.0,130.0
VOLKSWAGEN/HOBBY,2,291.0,3478.5,130.0
VOLKSWAGEN/KNAUS,27,334.9259259259259,3082.407407407407,129.2592592592593
VOLKSWAGEN/MOBILCAR,2,236.0,2566.0,103.0
VOLKSWAGEN/MRC,1,154.0,1688.0,84.0
VOLKSWAGEN/V-VAN,30,228.8,2626.6,126.4
VOLKSWAGEN/ZIMNY,6,175.0,2257.833333333334,95.5
VOLKSWAGEN-USA,1,291.0,2115.0,201.0
VOLSKWAGEN,3,45.33333333333334,2007.333333333333,110.0
VOLVO,294441,55.78521648168023,1979.215364028787,190.1237293719285
VOLVO/NILSSON,11,445.7272727272728,2540.727272727273,186.0
VOYAH,386,0.0,2422.507772020726,352.279792746114
VW,2063,127.4158991759574,1605.010179350461,116.5419292292778
WESTFALIA,1,229.0,2677.0,150.0
WEY,21,114.2631578947368,2416.238095238095,146.1904761904762
WIMA,1,0.0,1875.0,130.0
WULING,1,0.0,1144.0,50.0
XJRGC,1,,1660.0,225.0
XPENG,8291,0.0,2271.168013508624,248.0277409238934
YODO YUN,19,0.0,1375.0,70.0
YSPORT,1,,1385.0,210.0
YUDO,254,0.0,1375.0,68.26771653543307
YUEDA - HUMAN HORIZONS,1,0.0,2805.0,440.0
YUEDA HUMAN HORIZONS,5,0.0,2690.0,322.0
ZEEKR,2290,0.0,2169.165938864629,293.4643949322849
ZHIDOU,4,0.0,865.0,36.0
ZHIDOU  ZD ELARIS,2,0.0,865.0,36.0
ZHIDOU ZD ELARIS,2,0.0,865.0,36.0
